Date,Title,File_Path
11-Feb-2026 04:00 PM,[CC_Tile_Sadak_Nirman_Karye_Ramrai_sharma_ke_khet_se_Peer_Baba_ke_Sthan_ki_or_Khohra_Khurd_Kundal]_[06-2025-26_Kundal][2026_PRD_537633_1],bid_documents/[CC_Tile_Sadak_Nirman_Karye_Ramrai_sharma_ke_khet_.pdf
12-Feb-2026 06:55 PM,[CC_SADAK_KISHAN_BERWA_KE_NOHRE_SE_NARAYAN_GADRI_KE_BADE_TK_HEERAKHEDI]_[ENIT-2025-26-514][2026_PRD_538163_1],bid_documents/[CC_SADAK_KISHAN_BERWA_KE_NOHRE_SE_NARAYAN_GADRI_K.pdf
13-Feb-2026 06:40 PM,[Shesh_Nali_Nirman_Karya_Sarvjanik_Shmashan_Ghat_Gate_Se_Nadi_ki_or]_[67][2026_PRD_538561_1],bid_documents/[Shesh_Nali_Nirman_Karya_Sarvjanik_Shmashan_Ghat_G.pdf
11-Feb-2026 04:10 PM,[Govt_Sr_Sec_School_Play_Ground_Kun_P_S_Lasadiya]_[Ref._No._1097_PS_Lasadiya][2026_PRD_537600_1],bid_documents/[Govt_Sr_Sec_School_Play_Ground_Kun_P_S_Lasadiya]_.pdf
11-Feb-2026 04:10 PM,[GSSS_Manawatphala_1_Additinoal_Class_Room_Khalibhit_P_S_Lasadiya]_[Ref._No._1095_PS_Lasadiya][2026_PRD_537598_1],bid_documents/[GSSS_Manawatphala_1_Additinoal_Class_Room_Khalibh.pdf
11-Feb-2026 04:10 PM,[PM_Shri_Kalibhit_attached_KGBV_Hostel_Boundarywall_Khalibhit_P_S_Lasadiya]_[Ref._No._1094_PS_Lasadiya][2026_PRD_537597_1],bid_documents/[PM_Shri_Kalibhit_attached_KGBV_Hostel_Boundarywal.pdf
11-Feb-2026 04:10 PM,[PM_Shri_Kalibhit_Dome_Khalibhit_P_S_Lasadiya]_[Ref._No._1093_PS_Lasadiya][2026_PRD_537596_1],bid_documents/[PM_Shri_Kalibhit_Dome_Khalibhit_P_S_Lasadiya]_[Re.pdf
09-Feb-2026 10:00 AM,[Repair_of_ditch_minor_of_kanasar_disty.]_[1-2_of_NIT_04-2025-26][2026_IGNP_536165_1],bid_documents/[Repair_of_ditch_minor_of_kanasar_disty.]_[1-2_of_.pdf
21-Jan-2026 06:00 PM,[ELECTRIC_WORK_IN_MUNICIPAL_AREA_SULTANPUR]_[2394-95_NP_SULTANPUR_LIGHT][2026_DLB_530686_1],bid_documents/[ELECTRIC_WORK_IN_MUNICIPAL_AREA_SULTANPUR]_[2394-.pdf
11-Feb-2026 04:10 PM,[Govt_Primary_School_Juniya_ka_fala_1_Additional_Class_Room_Kun_P_S_Lasadiya]_[Ref._No._1096_PS_Lasadiya][2026_PRD_537599_1],bid_documents/[Govt_Primary_School_Juniya_ka_fala_1_Additional_C.pdf
